# ema_long, ema_short, sma_long, sma_short, target
1.927918328979938423e+01,8.039532577093837062e+00,3.333406390225526650e+01,7.083425463938862521e+00,3.057376930022666528e+00
4.538092929324598401e+01,8.922675130172704527e+00,5.095984569112724927e+01,6.539368816902976000e+00,3.004928979976523085e+00
3.309009499653748776e+01,8.051395520596763333e+00,5.824931896536664055e+01,1.937461988034129723e+00,2.772813351395247317e+00
2.280361099831876359e+01,2.856227097335353626e+00,5.547106340552715409e+01,2.772766248151400159e+00,1.041983671127522548e+00
1.975089333366989308e+01,8.046429791700706602e+00,4.262958596609144735e+01,8.613083260661127838e+00,3.378379736613340789e+00
5.409031657569860840e+01,4.151020544013115376e+00,4.234644198803361803e+01,1.912359360479124692e+00,2.554452730107406033e+00
1.764700995632995983e+01,9.414176108949995125e+00,2.308961594607699652e+01,6.255152830523820207e+00,2.240902969996704019e+00
3.155246953431682755e+01,7.194193615127127295e+00,2.317567595950261961e+01,6.458693217400681696e+00,3.632018081329195347e+00
5.283044329695457009e+01,9.613160700119394164e+00,1.241042627619198768e+01,6.277473784755339459e+00,3.667725800631850941e+00
3.403073908799331093e+01,2.510899973083101422e+00,5.825097681023056140e+01,5.214461113034633222e+00,2.447196523160884318e+00
4.517335132485171556e+01,1.000000000000000000e+01,2.928634212209430387e+01,1.000000000000000000e+01,1.884524463307553077e+00
4.056522423132761190e+01,2.000000000000000000e+00,1.100000000000000000e+01,1.000000000000000000e+00,6.041148355829162320e-02
3.238949217346593201e+01,8.852024120350202807e+00,3.942259834425240683e+01,2.658466835438726417e+00,3.419900565983077900e+00
2.993357006141028620e+01,2.000000000000000000e+00,3.482762351702637460e+01,1.000000000000000000e+01,2.412588675787310066e+00
6.000000000000000000e+01,1.000000000000000000e+01,1.978424974829876604e+01,1.242760701495899900e+00,2.579766137497630396e+00
3.199822075604171445e+01,1.000000000000000000e+01,4.830314995858171301e+01,1.000000000000000000e+01,2.153140710686570536e+00
2.880568769884529701e+01,1.000000000000000000e+01,2.900854529776667334e+01,1.000000000000000000e+00,2.685969873620496884e+00
4.037721038414797903e+01,2.000000000000000000e+00,4.627823245560662002e+01,1.000000000000000000e+00,2.678686380710562531e+00
6.000000000000000000e+01,4.235811796452635392e+00,1.100000000000000000e+01,1.000000000000000000e+01,2.743196529452800014e+00
4.940029415051392903e+01,3.920159003844083667e+00,6.000000000000000000e+01,1.000000000000000000e+00,3.505678330521755814e+00
5.949244919595501813e+01,1.000000000000000000e+01,5.599839836657409364e+01,1.000000000000000000e+00,2.772761657038880667e+00
5.584867438641686732e+01,2.000000000000000000e+00,5.711572876483251093e+01,1.000000000000000000e+01,3.401526226354799398e+00
5.032802262157306927e+01,1.000000000000000000e+01,6.000000000000000000e+01,1.000000000000000000e+01,3.991379760416092548e+00
4.589067465154198544e+01,2.000000000000000000e+00,6.000000000000000000e+01,1.000000000000000000e+01,4.287524509547065321e+00
4.128626604587165616e+01,1.000000000000000000e+01,6.000000000000000000e+01,1.000000000000000000e+01,4.485346304744008528e+00
4.343005523811655166e+01,1.000000000000000000e+01,6.000000000000000000e+01,3.259621393332992501e+00,3.694139300033205231e+00
1.100000000000000000e+01,1.000000000000000000e+01,4.172324489508196166e+01,1.000000000000000000e+00,-3.627676861819573162e-01
2.792951778198586155e+01,1.000000000000000000e+01,2.902764686379505221e+01,1.000000000000000000e+01,2.427750737423387317e+00
3.931123093689939196e+01,2.000000000000000000e+00,3.002978027458019739e+01,1.000000000000000000e+00,2.169977170528627042e+00
5.512568862630844535e+01,1.000000000000000000e+01,1.916747130765492813e+01,1.000000000000000000e+01,5.490039671098790208e+00
5.404743955750758033e+01,3.701564572731555369e+00,2.086836510166359560e+01,1.000000000000000000e+01,2.618883128767818036e+00
6.000000000000000000e+01,1.000000000000000000e+01,1.756793305864803756e+01,1.000000000000000000e+01,5.329986283166488370e+00
6.000000000000000000e+01,1.000000000000000000e+01,2.464019044510795808e+01,1.000000000000000000e+01,4.013859388423145269e+00
5.635746961732185412e+01,1.000000000000000000e+01,1.499576576566006203e+01,1.000000000000000000e+01,4.222714483408577024e+00
5.125045706616784003e+01,1.000000000000000000e+01,2.039463224901748362e+01,5.479312597054139644e+00,2.457846998107851011e+00
5.798385984045279429e+01,1.000000000000000000e+01,1.985081193294895030e+01,8.307317090828005846e+00,4.314981115354309615e+00
4.920233572000825006e+01,2.000000000000000000e+00,5.400457682715201457e+01,6.256805648161501310e+00,2.631122465002551536e+00
4.857594257279674110e+01,1.000000000000000000e+01,1.622387300781744912e+01,1.000000000000000000e+01,3.757802829313057646e+00
4.516864797502825013e+01,6.581976698910460222e+00,6.000000000000000000e+01,7.946911466561966897e+00,3.737908967974657770e+00
2.505544849641068694e+01,4.311628345456886002e+00,4.011864308746437047e+01,3.099217735458750678e+00,2.786436784526816979e+00
6.000000000000000000e+01,6.523458969124648732e+00,1.871241246149823212e+01,1.000000000000000000e+01,5.251224182938273088e+00
5.564546092640620145e+01,1.000000000000000000e+01,5.311097287310331438e+01,1.000000000000000000e+01,2.966811936703543484e+00
3.486042940154555225e+01,1.000000000000000000e+01,6.000000000000000000e+01,1.000000000000000000e+01,4.389634334404489024e+00
3.861997989020900235e+01,7.092135245318962333e+00,5.560996336976887733e+01,1.000000000000000000e+01,4.937607948324712837e+00
3.811339426557774601e+01,1.000000000000000000e+01,5.559529830981117016e+01,6.454549376710914110e+00,3.322353376145351866e+00
3.876548109062992609e+01,4.415421156584397266e+00,6.000000000000000000e+01,1.000000000000000000e+01,4.795228138860170297e+00
4.055408388546802456e+01,2.000000000000000000e+00,5.397102722013622866e+01,1.000000000000000000e+01,3.884430095034016261e+00
5.283400300249549986e+01,1.000000000000000000e+01,6.000000000000000000e+01,3.301020938343743882e+00,3.270582140371366187e+00
2.603261855053463592e+01,2.000000000000000000e+00,2.576502588291097950e+01,4.652759131161896988e+00,3.444200163068384057e+00
4.071907340371171813e+01,6.087764673745744481e+00,4.034879458481218961e+01,7.280367182106108892e+00,2.986040816929580011e+00
5.894149241284362972e+01,8.544591804654858791e+00,6.000000000000000000e+01,1.000000000000000000e+01,3.991002135289508423e+00
5.901621906627197234e+01,2.739118919643104277e+00,6.000000000000000000e+01,3.556344013886569400e+00,2.001211906314269484e+00
2.576980374293635734e+01,1.000000000000000000e+01,3.895259023052591374e+01,8.524023647648863999e+00,2.517055453725821845e+00
4.312308221900155303e+01,1.000000000000000000e+01,4.034137570732428202e+01,1.000000000000000000e+00,2.023740715474016572e+00
5.379376647942003586e+01,1.000000000000000000e+01,2.260965026635575370e+01,1.000000000000000000e+01,3.860162853363059199e+00
5.280053202443220783e+01,5.236643452420373990e+00,6.000000000000000000e+01,1.000000000000000000e+01,3.415725954331525926e+00
4.217633993480185239e+01,2.000000000000000000e+00,6.000000000000000000e+01,1.000000000000000000e+00,3.849269690374223174e+00
3.503988059632361995e+01,7.290078846228081666e+00,3.133815384044309127e+01,5.823539728186173825e+00,2.428369037697656552e+00
2.615349773195425698e+01,4.240899795971551534e+00,1.997236990430658921e+01,1.000000000000000000e+01,3.119605275098146002e+00
2.643447530912233390e+01,6.889118964465062334e+00,1.954715466398657142e+01,1.961161112533520434e+00,1.952863622885619543e+00
3.350685444029192439e+01,2.000000000000000000e+00,2.363712088961787927e+01,1.000000000000000000e+01,2.941121759686985193e+00
5.664499957618629367e+01,7.805020318322282158e+00,1.808426722487847726e+01,1.000000000000000000e+01,4.085747586636375495e+00
6.000000000000000000e+01,2.930419699161133096e+00,2.333213600494807238e+01,1.000000000000000000e+01,3.206313309994963667e+00
4.224364662479703014e+01,5.689090756039575147e+00,5.674837626021832193e+01,1.000000000000000000e+01,5.189743689805595750e+00
4.095865459780039686e+01,4.226909023851217917e+00,5.732250552232383001e+01,6.268788210030024288e+00,3.443891812026916632e+00
4.445681457037274953e+01,1.000000000000000000e+01,5.547048660132331577e+01,1.000000000000000000e+01,3.749142460726522685e+00
6.000000000000000000e+01,1.000000000000000000e+01,2.042632865866616498e+01,1.000000000000000000e+01,5.263000774909734503e+00
5.269272336390631750e+01,1.000000000000000000e+01,1.787908317464221142e+01,1.000000000000000000e+01,4.911679204966220347e+00
3.446467405176620957e+01,2.000000000000000000e+00,3.917396333363085859e+01,1.828187996707648866e+00,2.395605384427937690e+00
2.160735419106004684e+01,2.507039954692906303e+00,2.819078434833297209e+01,1.000000000000000000e+01,2.624457625191538135e+00
6.000000000000000000e+01,1.000000000000000000e+01,1.174283492894606340e+01,4.036622863488253721e+00,3.322213212598311927e+00
4.069548724453848365e+01,6.119453516578198027e+00,4.868760932597354696e+01,1.000000000000000000e+01,3.838701839936450977e+00
4.791276522510593594e+01,3.398060692686883488e+00,4.476030760630880678e+01,1.000000000000000000e+01,2.441387651966838046e+00
6.000000000000000000e+01,2.716042478734833399e+00,1.669531315425920681e+01,5.086689820674043183e+00,3.016105164638434921e+00
1.981686220293642720e+01,2.018096077172366165e+00,3.916322159885340426e+01,1.000000000000000000e+01,2.193568319927989840e+00
3.834474256321453112e+01,7.661801599228459381e+00,5.939263620466891780e+01,1.000000000000000000e+01,4.514685998532459443e+00
2.888603042002514698e+01,8.760457238724244533e+00,5.892753679684786761e+01,1.000000000000000000e+01,3.858740672474443301e+00
3.309616316876806508e+01,6.109128534630533736e+00,5.566082950640676330e+01,1.000000000000000000e+01,4.497288251169506701e+00
3.260279070755387210e+01,5.064365920372647878e+00,6.000000000000000000e+01,1.000000000000000000e+01,3.814820596593503144e+00
4.167116993836395267e+01,2.000000000000000000e+00,6.000000000000000000e+01,1.000000000000000000e+01,4.178391536716139498e+00
3.382551316899138527e+01,2.000000000000000000e+00,4.821446607981700794e+01,1.000000000000000000e+01,2.605441026396460025e+00
3.346315361264790056e+01,7.726244924199717978e+00,4.717135679286752747e+01,1.000000000000000000e+00,2.300790521910769382e+00
2.550550779334482954e+01,4.811484223973205410e+00,3.222371075579436450e+01,3.576961045891544178e+00,3.220378355228936673e+00
6.000000000000000000e+01,4.459505637375587028e+00,5.123621424042637784e+01,7.004363526768341508e+00,3.123284177013260443e+00
5.295959154449648310e+01,7.862105585501312888e+00,5.108864083180116467e+01,1.000000000000000000e+00,3.198870613819736697e+00
3.782273876063005247e+01,1.000000000000000000e+01,1.957978219209283566e+01,1.000000000000000000e+01,3.321911431494279920e+00
4.543422834751194017e+01,6.853920954882495309e+00,5.548651262231638270e+01,1.000000000000000000e+00,2.331374630549742477e+00
3.086366741135095637e+01,1.000000000000000000e+01,1.735724813571827596e+01,1.000000000000000000e+01,2.827753321495086958e+00
5.899485646183624965e+01,1.000000000000000000e+01,4.650771347204927508e+01,2.849386291757322276e+00,3.178022855376832823e+00
3.288982463488432018e+01,1.000000000000000000e+01,5.595401587966473045e+01,1.000000000000000000e+01,4.336693005151548874e+00
2.272960966609582911e+01,8.430596891833978646e+00,5.078208305400570310e+01,1.000000000000000000e+01,4.577723732511177701e+00
2.362109588534656268e+01,3.940969124429008819e+00,4.830130627245383579e+01,1.000000000000000000e+01,2.779747562057505839e+00
1.757180927374863089e+01,1.000000000000000000e+01,5.177538773816725381e+01,1.000000000000000000e+01,4.043509312178058757e+00
2.178745506946570032e+01,1.000000000000000000e+01,4.953856940512362428e+01,5.380348734758331197e+00,3.018312358648130189e+00
2.183211262194838653e+01,1.000000000000000000e+01,5.597583678866515555e+01,1.000000000000000000e+01,4.904463363054226477e+00
2.007160562339722532e+01,6.059629585264979745e+00,5.526547293042435882e+01,1.000000000000000000e+01,4.253755679920905308e+00
1.757447605892865639e+01,1.000000000000000000e+01,6.000000000000000000e+01,1.000000000000000000e+01,4.236512101082198889e+00
2.143449044614489907e+01,1.000000000000000000e+01,6.000000000000000000e+01,5.988806288926229016e+00,2.792082043272728242e+00
2.609251854889291167e+01,7.867794055844554713e+00,5.408168262514680436e+01,1.000000000000000000e+01,4.727010048014978594e+00
1.230225326325730251e+01,8.226527113449867201e+00,5.734171766852109187e+01,1.000000000000000000e+01,3.855749533034712240e+00
1.504566441419663114e+01,3.842971901358413156e+00,6.000000000000000000e+01,1.000000000000000000e+01,4.154728324669617834e+00
1.269673002137885121e+01,2.102337178618944424e+00,5.396785347821057144e+01,1.000000000000000000e+01,3.170516198993388990e+00
1.202958456979232160e+01,5.367484230846696569e+00,6.000000000000000000e+01,4.934941685532241884e+00,2.028259665283264290e+00
2.646256034903243304e+01,1.000000000000000000e+01,5.417796068709228052e+01,7.257733506341971896e+00,2.975417006103661777e+00
2.223256274360018026e+01,5.836860347293625573e+00,6.000000000000000000e+01,1.000000000000000000e+01,3.946631542373290724e+00
5.255210022215311483e+01,1.000000000000000000e+01,4.413552160839440575e+01,6.612801500319672066e+00,4.921627963302651843e+00
5.577012679422866626e+01,1.000000000000000000e+01,4.047810635131688173e+01,9.565323525502186897e+00,4.190068340534184976e+00
4.956226831394504018e+01,1.000000000000000000e+01,4.027010485240844417e+01,9.131218694728511664e+00,3.663655123076834386e+00
5.544502863980569174e+01,7.131038592077844740e+00,4.518957818828912565e+01,9.150896630226352357e+00,3.726603510660726926e+00
5.418754068974368465e+01,1.000000000000000000e+01,3.961349108529279306e+01,4.285232686562288507e+00,4.951944372409853301e+00
5.955701994849604830e+01,1.000000000000000000e+01,3.650298874870657784e+01,4.785811567620616991e+00,4.809103066264297510e+00
5.599649339189242170e+01,7.062224446728889049e+00,3.494625275223054928e+01,6.465619004389425051e+00,3.403047022808061151e+00
5.734015508497327573e+01,1.000000000000000000e+01,3.570959092914777244e+01,1.000000000000000000e+00,3.186561705201049755e+00
6.000000000000000000e+01,8.026781650083188779e+00,4.038608035521203732e+01,5.870658879816112119e+00,4.007742422888595613e+00
6.000000000000000000e+01,1.000000000000000000e+01,3.468057497773609299e+01,1.000000000000000000e+01,3.849593002371693551e+00
5.144797664192785902e+01,1.000000000000000000e+01,4.390401745623032781e+01,2.202794948336462610e+00,2.791536773245826719e+00
5.612807406808875754e+01,1.000000000000000000e+01,4.201719895163812879e+01,5.657968634436311817e+00,3.636073624852745212e+00
5.041557765451516815e+01,1.000000000000000000e+01,4.670249512858757868e+01,1.000000000000000000e+01,2.488807884747128440e+00
5.195715325430637677e+01,7.451300787037065554e+00,4.055056179226873780e+01,6.355902399601062847e+00,3.006352419402179788e+00
5.313751248938553573e+01,1.000000000000000000e+01,3.601008225302961563e+01,5.524079489515364649e+00,4.115737885578369948e+00
5.582772646032881170e+01,7.093049578079138939e+00,5.584324726386981297e+01,5.886547796682576106e+00,2.003077034440969406e+00
5.684563437485638104e+01,1.000000000000000000e+01,3.729584121295074794e+01,6.520374209603823523e+00,4.040641573155301813e+00
6.000000000000000000e+01,5.098648454776425254e+00,3.610282770761030946e+01,3.754619432614566765e+00,3.831760020543786283e+00
6.000000000000000000e+01,1.000000000000000000e+01,3.128042854568158404e+01,5.214044926272115354e+00,4.163644570882437002e+00
6.000000000000000000e+01,1.000000000000000000e+01,4.681900022861761812e+01,1.000000000000000000e+01,4.122334471370578513e+00
6.000000000000000000e+01,3.188673563649277565e+00,4.301515042314184711e+01,1.000000000000000000e+01,3.797147617836100331e+00
6.000000000000000000e+01,4.107237740692159633e+00,3.651490016095394253e+01,1.000000000000000000e+01,3.884013495202078836e+00
2.446270619528257129e+01,7.411824362959221091e+00,2.564734728631063021e+01,6.198392945174413526e+00,4.111652969571900407e+00
1.653289515037545598e+01,7.504913736711190886e+00,5.693252992719886407e+01,1.000000000000000000e+01,4.263642500662443879e+00
4.492193480084844737e+01,4.562915509499791966e+00,5.391789050142478601e+01,1.000000000000000000e+01,4.766191730991031328e+00
2.696881628526749353e+01,3.408595170870060809e+00,5.566301538374649738e+01,1.000000000000000000e+01,4.669805215593239467e+00
4.163382382708121554e+01,6.407266264580985471e+00,5.337170235687572983e+01,1.000000000000000000e+01,4.430165599416632460e+00
6.000000000000000000e+01,5.437630447971432801e+00,3.080258361309175186e+01,7.862887749801008574e+00,2.929287734987858549e+00
2.059662054865275493e+01,5.774146904461208152e+00,2.768962613882921175e+01,2.023366670719226157e+00,2.265597800454210997e+00
2.805770003809087854e+01,4.342019981439427134e+00,2.624760216657176670e+01,9.031863303937919696e+00,4.092547549694718789e+00
6.000000000000000000e+01,2.000000000000000000e+00,4.505430901561094714e+01,3.306465551210145293e+00,3.293990517997023026e+00
4.733735786981539206e+01,4.916447374417256988e+00,5.684112660511284787e+01,1.000000000000000000e+01,4.705860809669909273e+00
4.262147094314539686e+01,4.805751660693343474e+00,2.034519926352768948e+01,1.000000000000000000e+01,3.346947084670671035e+00
3.937636944447405085e+01,6.987716724173941962e+00,2.206178986103713058e+01,4.481638596586179801e+00,1.722364688309039327e+00
4.092099303448611636e+01,7.491241594957477545e+00,1.401455175277706466e+01,1.000000000000000000e+01,2.829817253236366348e+00
2.438124540478881741e+01,6.335116751177784167e+00,5.621019110971194266e+01,1.000000000000000000e+01,4.674552760972707333e+00
6.000000000000000000e+01,8.358949476175141058e+00,4.067751727722091459e+01,1.000000000000000000e+01,4.526060275678117861e+00
4.519002041780640866e+01,2.000000000000000000e+00,5.624229163340818616e+01,1.000000000000000000e+01,4.531078894170840421e+00
6.000000000000000000e+01,7.293757857952340551e+00,2.126057190937467212e+01,1.000000000000000000e+01,4.889479054983693729e+00
2.543865064688693067e+01,1.000000000000000000e+01,2.232305305446161370e+01,1.000000000000000000e+01,2.843520173632994030e+00
3.510504306942702613e+01,4.352623593047317385e+00,1.736701550173637543e+01,1.000000000000000000e+01,2.622715945479742405e+00
2.892948232208659931e+01,4.767222621102705560e+00,5.269304914877247370e+01,1.000000000000000000e+01,4.564528620975724316e+00
3.133074519683574266e+01,2.564697679867308899e+00,2.824447305659505503e+01,4.119977174249926932e+00,2.645948262780469129e+00
2.512538226730121238e+01,1.000000000000000000e+01,3.704669904023512572e+01,1.000000000000000000e+00,1.754463128241123382e+00
6.000000000000000000e+01,2.129777458800132806e+00,1.746464533299798561e+01,1.000000000000000000e+01,4.912899664529017052e+00
6.000000000000000000e+01,5.268796372570825781e+00,1.591137089741695121e+01,1.000000000000000000e+01,4.299459628486157925e+00
5.145675782292637024e+01,1.000000000000000000e+01,3.775319779385287688e+01,2.219064151406037411e+00,2.815415567158801924e+00
3.897544736659880726e+01,8.455158889472185635e+00,4.528076444277672863e+01,5.187256009380652344e+00,2.960064514485414744e+00
3.732041881329969613e+01,3.868527786507199639e+00,5.691468702959130610e+01,1.000000000000000000e+01,5.042753400344814452e+00
3.159374224367399719e+01,2.000000000000000000e+00,5.511200581042963620e+01,1.000000000000000000e+01,3.915430727793109966e+00
4.855217083663637112e+01,3.577535338584102220e+00,1.349391258886061173e+01,1.000000000000000000e+01,1.368658288269184897e+00
5.433256073346984749e+01,1.000000000000000000e+01,4.809502850366782667e+01,5.723598032565419658e+00,4.451094787890403914e+00
6.000000000000000000e+01,3.338599301059534952e+00,6.000000000000000000e+01,1.000000000000000000e+01,3.739582359591374860e+00
1.553317646616121195e+01,5.962698125292314799e+00,4.769449938865139416e+01,1.000000000000000000e+01,2.292537472328886050e+00
3.918352120814257233e+01,7.342038625772451255e+00,6.000000000000000000e+01,1.000000000000000000e+00,3.805168686527426125e+00
3.644762276337030471e+01,5.437023815000966209e+00,5.284005717572757987e+01,1.000000000000000000e+01,4.417064152031982438e+00
2.253357148969103818e+01,1.000000000000000000e+01,4.656730291874964678e+01,1.000000000000000000e+01,3.397471397816709260e+00
4.457139231413319180e+01,1.000000000000000000e+01,2.045404915917203681e+01,1.000000000000000000e+01,3.691201395793418438e+00
2.144295940768542152e+01,1.000000000000000000e+01,5.311292209089311456e+01,1.000000000000000000e+01,4.888095251775124161e+00
3.650683448723486890e+01,1.000000000000000000e+01,6.000000000000000000e+01,5.552366645402506684e+00,3.392400539015255845e+00
1.942944848661260693e+01,2.000000000000000000e+00,5.837608079203486255e+01,1.000000000000000000e+01,3.816667533718146821e+00
5.421329024575872779e+01,1.000000000000000000e+01,1.100000000000000000e+01,1.000000000000000000e+00,7.013083093584770999e-01
6.000000000000000000e+01,1.000000000000000000e+01,1.100000000000000000e+01,1.000000000000000000e+01,3.089782801707897431e+00
6.000000000000000000e+01,1.000000000000000000e+01,1.593791728176817024e+01,6.822113759290421520e+00,4.826981286008615868e+00
6.000000000000000000e+01,3.941961798992579258e+00,1.937545264133882483e+01,1.000000000000000000e+01,4.810417453527752407e+00
3.325379959064499502e+01,5.977285914907841224e+00,4.057427586295855093e+01,7.543919935520292164e+00,3.029783508871676023e+00
1.805116607774469983e+01,1.000000000000000000e+01,5.537210785739399199e+01,7.265278659670334704e+00,3.233213617229815817e+00
6.000000000000000000e+01,1.000000000000000000e+01,5.084280418108289723e+01,6.639661563994518900e+00,3.810323278080856468e+00
6.000000000000000000e+01,7.759440251937277822e+00,3.580272009916784270e+01,6.693273298074617905e+00,4.309482248299988605e+00
6.000000000000000000e+01,2.000000000000000000e+00,3.962336373143480017e+01,6.182604052777610271e+00,2.978767749175186275e+00
4.151106845501775666e+01,2.000000000000000000e+00,4.621143529947205053e+01,7.529773767744921464e+00,2.451770186059073708e+00
6.000000000000000000e+01,6.413982957629557724e+00,4.614677700348046585e+01,7.423321953813950103e+00,3.675886919269281794e+00
3.992666125583059511e+01,4.610664864883285752e+00,5.726507678138010249e+01,1.000000000000000000e+01,5.205104320152921460e+00
6.000000000000000000e+01,6.907073244654098332e+00,5.572717156241233027e+01,1.000000000000000000e+01,4.171622766445663544e+00
6.000000000000000000e+01,7.630585188285752274e+00,3.979392246540204781e+01,1.000000000000000000e+00,4.067605352321938206e+00
2.480795117403818395e+01,4.586695913753534803e+00,5.321818769353583178e+01,1.000000000000000000e+01,4.760781213098610465e+00
5.563345124319965151e+01,2.000000000000000000e+00,4.916066848328045324e+01,1.000000000000000000e+01,2.444211134887422254e+00
4.117442856868610335e+01,2.000000000000000000e+00,2.898561308849423312e+01,1.000000000000000000e+01,1.178220116361655911e+00
3.709879773720847140e+01,8.407908193524214369e+00,3.619512998208660548e+01,1.000000000000000000e+00,1.499219048058833881e+00
4.218035466185141757e+01,5.887029621437653404e+00,6.000000000000000000e+01,1.000000000000000000e+01,4.707334001987284466e+00
1.100000000000000000e+01,2.000000000000000000e+00,5.983889622986801982e+01,1.000000000000000000e+01,1.255869091590618325e+00
4.565892073843434673e+01,1.000000000000000000e+01,6.000000000000000000e+01,1.000000000000000000e+01,4.046527701314660774e+00
1.783766059056998898e+01,6.110859535425010591e+00,6.000000000000000000e+01,1.000000000000000000e+01,4.180982542942355273e+00
2.325836789661638093e+01,1.000000000000000000e+01,6.000000000000000000e+01,1.000000000000000000e+01,4.652163445483903814e+00
5.275370196472292861e+01,1.000000000000000000e+01,3.477204700439361318e+01,1.000000000000000000e+01,3.469406784893157791e+00
4.813817032981648225e+01,1.000000000000000000e+01,6.000000000000000000e+01,1.000000000000000000e+00,3.616972331893698822e+00
6.000000000000000000e+01,7.929730794249068460e+00,1.840042490760266602e+01,8.206821293616123114e+00,4.679096449151954218e+00
5.456000846957459771e+01,1.000000000000000000e+01,1.676542919011592758e+01,7.483586217827288500e+00,4.158241912923894112e+00
4.429349380528292812e+01,4.395932920354256979e+00,5.746537919038473063e+01,1.000000000000000000e+01,5.235812545326093748e+00
2.800354416466177199e+01,6.644445451502272171e+00,2.721247539704944174e+01,5.416417958928928300e+00,3.369579848170880965e+00
3.424626788772092567e+01,8.420808780553693751e+00,2.461009520566807751e+01,1.000000000000000000e+01,3.110253797298657474e+00
2.252020022442498970e+01,4.305633575897194198e+00,2.302132908769112163e+01,7.136484936333904905e+00,2.276651201729531948e+00
2.207528466958690316e+01,1.000000000000000000e+01,2.865900991464657466e+01,6.618445769351224861e+00,2.560513846033459995e+00
2.979727941294494542e+01,6.094504124331983519e+00,2.222151294645875552e+01,1.000000000000000000e+01,2.211321350486807447e+00
2.418112496673381528e+01,4.992869235875003753e+00,3.318500481222623932e+01,9.384521572859547689e+00,2.802390122587150145e+00
4.191667331287346343e+01,1.000000000000000000e+01,4.309416749241570699e+01,1.000000000000000000e+01,2.896384173376485016e+00
6.000000000000000000e+01,5.298402632190724937e+00,4.969316593873816856e+01,1.000000000000000000e+00,3.112804234343984344e+00
3.300665537553387452e+01,1.000000000000000000e+01,1.858069346073228445e+01,4.355779624695075292e+00,2.724019930550276136e+00
3.769396261571517215e+01,1.000000000000000000e+01,5.256629395035508878e+01,1.000000000000000000e+01,4.327559247265352127e+00
3.681194207288513098e+01,1.000000000000000000e+01,5.663100247131661291e+01,1.000000000000000000e+01,4.706399140457549812e+00
5.098871273807316840e+01,1.000000000000000000e+01,1.100000000000000000e+01,1.000000000000000000e+01,1.584267303961744977e+00
2.699953697654121143e+01,2.000000000000000000e+00,2.898668456589068754e+01,8.413911597182845981e+00,3.099436399339000836e+00
3.081547621702427975e+01,2.000000000000000000e+00,2.102153840466451840e+01,4.737616372471657122e+00,2.741036349094412294e+00
5.228296861554655095e+01,6.731194482167150994e+00,4.754186994205831951e+01,5.295460486279500500e+00,3.296898119631170410e+00
4.633068354032663905e+01,2.000000000000000000e+00,6.000000000000000000e+01,4.566885077822263383e+00,3.114513609194311528e+00
5.774303691657564030e+01,1.000000000000000000e+01,1.886950793434923312e+01,1.000000000000000000e+01,4.832399065936618499e+00
6.000000000000000000e+01,1.000000000000000000e+01,2.570678584886143270e+01,4.432114447895700415e+00,4.909712784818612619e+00
6.000000000000000000e+01,7.266126923769147261e+00,2.743352021314010258e+01,1.245818646329787116e+00,4.114692973022481048e+00
5.659648557910391986e+01,1.000000000000000000e+01,2.741566171886423575e+01,3.203579287905323536e+00,4.074137867839794147e+00
6.000000000000000000e+01,6.471140876293092425e+00,2.462140297799995636e+01,4.653303696331291484e+00,3.246132305620120562e+00
6.000000000000000000e+01,1.000000000000000000e+01,2.840162960901734124e+01,1.000000000000000000e+00,4.857565251291703134e+00
6.000000000000000000e+01,1.000000000000000000e+01,2.535109756710509998e+01,1.000000000000000000e+00,4.424337785409175439e+00
1.961838210628600976e+01,2.289800873410146043e+00,3.491076007006126503e+01,3.890491842057120842e+00,2.195483431665695040e+00
1.819709109733555152e+01,2.000000000000000000e+00,5.325323556861200558e+01,1.000000000000000000e+01,2.945186702883902718e+00
4.408845086194055796e+01,5.844629472086642963e+00,6.000000000000000000e+01,1.000000000000000000e+00,3.735535796518375751e+00
6.000000000000000000e+01,1.000000000000000000e+01,2.791384833080775962e+01,3.317702669251895387e+00,4.559349859499405078e+00
6.000000000000000000e+01,7.955056450423700021e+00,3.227108756528608779e+01,1.000000000000000000e+00,4.833666752975258163e+00
6.000000000000000000e+01,1.000000000000000000e+01,3.383536743081338471e+01,2.519908869091826986e+00,4.972774291477289665e+00
6.000000000000000000e+01,1.000000000000000000e+01,2.272270383871645549e+01,6.200153313948948863e+00,4.382251441536156200e+00
2.816618276408019383e+01,2.969170256370466721e+00,5.242628091331820883e+01,6.831002783639266163e+00,2.822347878382995834e+00
5.760000572764551663e+01,5.720119542005319246e+00,3.967196363937991066e+01,1.000000000000000000e+01,3.379325383607191036e+00
5.274448043788925844e+01,1.000000000000000000e+01,3.997869986661844877e+01,6.437520648786078326e+00,3.905274968450049400e+00
2.979349680310047077e+01,5.801405033657554888e+00,3.651441512854861315e+01,4.663750519831684649e+00,2.424351062339861418e+00
4.887147283380817697e+01,1.000000000000000000e+01,5.722071483852459295e+01,6.035292929864980671e+00,3.047785352270771853e+00
5.599397480177633213e+01,1.000000000000000000e+01,4.485907871523472323e+01,1.000000000000000000e+01,3.443610944099594562e+00
2.770173895290752597e+01,8.469446860402879196e+00,4.394595000336001789e+01,4.431008930555630165e+00,2.137204760185763774e+00
6.000000000000000000e+01,7.635474761900721496e+00,5.035192701515726554e+01,1.000000000000000000e+01,4.200725257994355033e+00
3.644029284290096626e+01,1.000000000000000000e+01,3.717616401847755014e+01,1.000000000000000000e+01,3.124762119489700840e+00
4.437977162177299562e+01,1.000000000000000000e+01,3.680717173348509874e+01,1.000000000000000000e+01,2.270378485357595011e+00
4.425652537950377763e+01,1.000000000000000000e+01,1.634672338378384993e+01,6.423310846281131248e+00,2.897881431222158355e+00
2.662147898048026917e+01,2.000000000000000000e+00,6.000000000000000000e+01,1.000000000000000000e+01,4.227970812928324662e+00
2.706887062576429415e+01,1.000000000000000000e+01,2.341909599146000431e+01,4.648712548131364919e+00,3.043725603327408713e+00
6.000000000000000000e+01,1.000000000000000000e+01,5.576537181059590154e+01,1.000000000000000000e+01,4.132618451566949958e+00
6.000000000000000000e+01,1.000000000000000000e+01,6.000000000000000000e+01,5.936952677201468020e+00,2.509673306570689100e+00
2.395184544121981673e+01,2.000000000000000000e+00,5.649017561906799045e+01,1.000000000000000000e+01,4.691385613870625804e+00
2.484456827034453141e+01,1.000000000000000000e+01,5.688239930476802186e+01,1.000000000000000000e+01,4.588017265575200732e+00
3.628444968157191397e+01,2.000000000000000000e+00,5.957689459437612101e+01,1.000000000000000000e+01,3.597250184340638590e+00
3.595315133232475091e+01,6.608420219462575851e+00,5.721337732096598216e+01,1.000000000000000000e+01,4.636029632071152484e+00
1.100000000000000000e+01,1.000000000000000000e+01,5.225590968959829041e+01,1.000000000000000000e+01,1.048085249909879613e+00
1.412928157545709418e+01,7.856629477249486015e+00,6.000000000000000000e+01,1.000000000000000000e+01,4.139908309694856570e+00
6.000000000000000000e+01,1.000000000000000000e+01,3.849502495039001104e+01,1.000000000000000000e+01,4.974629867210576428e+00
2.496248312713452577e+01,7.341063938329397409e+00,1.368625726865953851e+01,9.790380206597601997e+00,3.348096532533518577e+00
2.766488775692025825e+01,2.000000000000000000e+00,1.322285928167304370e+01,1.000000000000000000e+01,3.081048864326692005e-01
2.099346975169538965e+01,1.000000000000000000e+01,1.625936568492098999e+01,1.000000000000000000e+01,2.569856664820129311e+00
2.661812162467476739e+01,1.000000000000000000e+01,1.386282577548701056e+01,6.077381661584428052e+00,2.050813643284671528e+00
3.820494788857372725e+01,2.513776312972393789e+00,5.364987910628098433e+01,1.000000000000000000e+00,2.552405801873260049e+00
6.000000000000000000e+01,1.000000000000000000e+01,1.498040656494655209e+01,9.194408979689095318e+00,4.312084187559746873e+00
5.704509947369832901e+01,2.000000000000000000e+00,1.584350954961098346e+01,1.000000000000000000e+01,2.881844908986101572e+00
4.825523096845419246e+01,7.059937630707799450e+00,1.992223240678959684e+01,1.000000000000000000e+01,3.583047411798898185e+00
6.000000000000000000e+01,8.343115292615468803e+00,3.603071297340988366e+01,2.672761560793980085e+00,4.843163876949130753e+00
1.751437929816960803e+01,1.000000000000000000e+01,3.801933072536016311e+01,1.000000000000000000e+01,2.654995900817574750e+00
4.728233081014324313e+01,1.000000000000000000e+01,4.408632439800265246e+01,6.325549587449918576e+00,3.016343532405385552e+00
6.000000000000000000e+01,1.000000000000000000e+01,3.876733159062588641e+01,2.822593727404783870e+00,4.970195554337564658e+00
5.612376086519870455e+01,1.000000000000000000e+01,4.036290465875107003e+01,1.926276886233456942e+00,3.790764494148375352e+00
6.000000000000000000e+01,1.000000000000000000e+01,3.137176044521826057e+01,1.000000000000000000e+00,4.712851627708446678e+00
6.000000000000000000e+01,2.588255425801735399e+00,3.155610593673962683e+01,1.000000000000000000e+00,4.022686736663224849e+00
5.512063910755119167e+01,3.980031460949112976e+00,3.044044460230370319e+01,1.000000000000000000e+00,2.627796875684031086e+00
5.359338756648941171e+01,1.000000000000000000e+01,1.974000366112493765e+01,1.000000000000000000e+01,4.975952271057944465e+00
5.373118509476581295e+01,1.000000000000000000e+01,2.972927947601952781e+01,7.355202125365590149e+00,3.640197041572751591e+00
4.038590491703445196e+01,1.000000000000000000e+01,5.646454512870144526e+01,1.000000000000000000e+01,4.624045481612396813e+00
2.291716033966031674e+01,7.791841223911722736e+00,5.375545518423247415e+01,1.000000000000000000e+01,5.301680214676289360e+00
2.031411577618937869e+01,7.404457588081128527e+00,5.195706984737937972e+01,1.000000000000000000e+01,4.337819122796489069e+00
6.000000000000000000e+01,8.693102417358439027e+00,1.897008731808653437e+01,1.000000000000000000e+01,5.499860225712835060e+00
5.748037933375412223e+01,1.000000000000000000e+01,2.578305857874023843e+01,6.745401358346596155e+00,3.151782704281966829e+00
5.034658330850940189e+01,1.000000000000000000e+01,2.956246558199616814e+01,3.366354327447349082e+00,2.748388857518155426e+00
5.155438845708633977e+01,4.796298850627429999e+00,2.996561307559843002e+01,1.000000000000000000e+01,1.875926104124275628e+00
3.600247478962702985e+01,1.000000000000000000e+01,4.066402781104141440e+01,5.865044222335276558e+00,3.004545097470412429e+00
1.505010718161796035e+01,4.484769822013355167e+00,5.675257247300839225e+01,7.938399122022871346e+00,3.961016498027880584e+00
5.503200847721906541e+01,1.000000000000000000e+01,6.000000000000000000e+01,1.000000000000000000e+01,3.882282223591525305e+00
5.997332947240018797e+01,6.067584710917294899e+00,3.178854139254265121e+01,2.834730513151301867e+00,3.792836677753316010e+00
6.000000000000000000e+01,2.000000000000000000e+00,3.642560083976702145e+01,1.000000000000000000e+00,2.877147656532073050e+00
4.481133785116531243e+01,6.531692905384459458e+00,5.674601622648906840e+01,1.000000000000000000e+01,4.983459683369062532e+00
2.407029141354669832e+01,1.000000000000000000e+01,5.322872724435019620e+01,1.000000000000000000e+01,5.176066486733223115e+00
5.485468438081881715e+01,1.000000000000000000e+01,1.779567843358611512e+01,1.000000000000000000e+01,5.163905748273331930e+00
6.000000000000000000e+01,2.000000000000000000e+00,5.517844361668078790e+01,1.000000000000000000e+01,3.369379983393212541e+00
5.686185662159928711e+01,1.000000000000000000e+01,5.090892145234957411e+01,1.000000000000000000e+00,3.608285527824242500e+00
3.755541170728642442e+01,5.591247368601682588e+00,5.046268264071141374e+01,6.101504921309791385e+00,3.464003325035243996e+00
2.072269717524534727e+01,7.087447927116013346e+00,3.846625532339733411e+01,5.749279891343585192e+00,2.664507501804219913e+00
5.696733055969700388e+01,1.000000000000000000e+01,1.289821705108402483e+01,6.539497563660924939e+00,2.389920684663229267e+00
5.010217698540026277e+01,8.088766326289331232e+00,1.519248981396622433e+01,6.071653762531189713e+00,2.905308806368852359e+00
3.269388274849641363e+01,4.468007792482592500e+00,2.901191843921020563e+01,1.000000000000000000e+01,1.965736773819839245e+00
2.452052625187915069e+01,6.246863450517511573e+00,2.669663041798817815e+01,1.000000000000000000e+01,3.512417727841411264e+00
3.405378336303700593e+01,1.000000000000000000e+01,2.548336994701687885e+01,4.212039481089597359e+00,2.601387445522531650e+00
2.638190557048750762e+01,7.623696973478590877e+00,5.082089461691580112e+01,1.000000000000000000e+01,4.005549415306412619e+00
2.668030501618958894e+01,2.000000000000000000e+00,5.298045956246803456e+01,1.000000000000000000e+01,4.355509244569806704e+00
2.397331238414174592e+01,2.000000000000000000e+00,6.000000000000000000e+01,7.282807497187518742e+00,3.905870018104836028e+00
2.759030158935471633e+01,5.193166488876710396e+00,6.000000000000000000e+01,7.114780715524211097e+00,4.290558297246575670e+00
3.091915082622489308e+01,1.000000000000000000e+01,6.000000000000000000e+01,6.508757788025603119e+00,3.671950611663927333e+00
2.294694570390557331e+01,8.547232139212177060e+00,5.368638391156184753e+01,8.490988507984463141e+00,4.125883165788301277e+00
5.589379858595091122e+01,1.000000000000000000e+01,3.184328122250018112e+01,3.856884610225833843e+00,3.885113721828637789e+00
1.806811455637928177e+01,1.000000000000000000e+01,4.684098487938988598e+01,7.277672669556297436e+00,2.796356025916845400e+00
3.354328409246760145e+01,7.637217074538476425e+00,5.343493741366580707e+01,7.510135821544557722e+00,4.002727466752901364e+00
4.492765461594043330e+01,4.682699529340426992e+00,5.571558629064202250e+01,8.284688352956962376e+00,4.734350741326997181e+00
3.740994105098688038e+01,6.339040004127650896e+00,4.414110196660482899e+01,1.000000000000000000e+01,2.559123159572897155e+00
2.701483692021765393e+01,2.707659852259346245e+00,4.117021892721103882e+01,1.000000000000000000e+01,2.710585262290977404e+00
6.000000000000000000e+01,7.783094838367371260e+00,3.762293629540653228e+01,1.000000000000000000e+01,4.912510411264464416e+00
2.767403197933447601e+01,2.000000000000000000e+00,5.814315564763702326e+01,7.452128854542212189e+00,3.966228046863021994e+00
5.611250929426423539e+01,1.000000000000000000e+01,2.082805769937449014e+01,1.000000000000000000e+01,4.072731822614636954e+00
4.929659945089613871e+01,1.000000000000000000e+01,2.433861809765974371e+01,1.000000000000000000e+01,2.437301667406924111e+00
6.000000000000000000e+01,1.000000000000000000e+01,1.867883924362186221e+01,8.335981798052742420e+00,4.488425923481141666e+00
6.000000000000000000e+01,7.924228971353887374e+00,1.543605926007333196e+01,4.318554637038021227e+00,3.462549066067150960e+00
4.370957544082757806e+01,3.911438639516341631e+00,5.094111989773861637e+01,6.478155095869061242e+00,3.409056155281686262e+00
5.657646462748960658e+01,6.932581913124396422e+00,4.823667329269171944e+01,4.051763125217948236e+00,2.738073846645514564e+00
6.000000000000000000e+01,2.000000000000000000e+00,1.946447518262274201e+01,7.903895139628764888e+00,3.389256514189137981e+00
5.245169420253048997e+01,1.000000000000000000e+01,5.554315126420851101e+01,1.000000000000000000e+00,3.017657278964966494e+00
3.404632433504073674e+01,2.369958209337754251e+00,4.520920317393045451e+01,3.532644336926143325e+00,2.684131771256786259e+00
3.069784065596688549e+01,6.461000240893380209e+00,5.713084212120657668e+01,7.493752802985238048e+00,2.738777410838560744e+00
3.447519945221350213e+01,8.397824040111519395e+00,5.320475814018136163e+01,1.000000000000000000e+01,4.510695439533723317e+00
2.631165270010156476e+01,5.862397704140956733e+00,6.000000000000000000e+01,1.000000000000000000e+01,4.505614233556700654e+00
3.251948854686495594e+01,5.065765323795830000e+00,5.214081103641094472e+01,1.000000000000000000e+01,3.432663810389356307e+00
3.772308737878193341e+01,2.930897701579084469e+00,6.000000000000000000e+01,1.000000000000000000e+00,4.025124386303946977e+00
4.871090974521890615e+01,5.988972519049242216e+00,5.298383018419066559e+01,1.000000000000000000e+01,4.253084942378076327e+00
4.564510762073156513e+01,5.634446233742619548e+00,4.971573662402200000e+01,1.000000000000000000e+01,3.948492834755557013e+00
4.764907690347112634e+01,2.027138325278460051e+00,5.145640019823323996e+01,1.000000000000000000e+01,4.204278124340877554e+00
4.989776608577294326e+01,2.000000000000000000e+00,5.612253485360334793e+01,1.000000000000000000e+01,4.728575913038082668e+00
4.999324241702522897e+01,2.000000000000000000e+00,5.977116933719209868e+01,1.000000000000000000e+01,4.271439253009327253e+00
5.102918527811036142e+01,1.000000000000000000e+01,4.920185641876781801e+01,4.482548509520498214e+00,3.167439276970273276e+00
4.389721003372423525e+01,7.698077880764065739e+00,1.753577743703122138e+01,1.000000000000000000e+01,3.588561662493020332e+00
4.002912675569772460e+01,8.385846250464807028e+00,2.408773434271301994e+01,1.000000000000000000e+01,2.265984054138096226e+00
5.160348439628982931e+01,3.428257179338446203e+00,5.338570326825532675e+01,1.000000000000000000e+01,3.620039162709142833e+00
3.597804678099364395e+01,1.000000000000000000e+01,1.418717475388255167e+01,8.025655193969619461e+00,1.788496487093600207e+00
6.000000000000000000e+01,1.000000000000000000e+01,3.850300622398102490e+01,7.524994682826514847e+00,4.936327359386729619e+00
2.610290686651537584e+01,1.000000000000000000e+01,6.000000000000000000e+01,7.723107565177014244e+00,3.124330761025420067e+00
5.759213028058794492e+01,8.874576878890731990e+00,2.950645301474732207e+01,1.000000000000000000e+00,4.012187982475928116e+00
4.198582988615587652e+01,7.921949880658546661e+00,5.797089022533346281e+01,1.000000000000000000e+01,4.319321417974852473e+00
4.216242590996323258e+01,3.492488836921577633e+00,5.688904492049878314e+01,1.000000000000000000e+01,4.662562051947386266e+00
4.169896586856148701e+01,1.000000000000000000e+01,4.981023150978858638e+01,1.000000000000000000e+01,3.272001486237658519e+00
3.774399993236118434e+01,4.678776219938246328e+00,5.503238442012262510e+01,8.330512195114106788e+00,4.941078071445405229e+00
3.641969648445697771e+01,2.000000000000000000e+00,5.440936613588439741e+01,1.000000000000000000e+01,3.705993739766229922e+00
3.893594776630144594e+01,4.712525306074772047e+00,5.499321275819634280e+01,1.000000000000000000e+01,4.586522205600682689e+00
3.781226805732656970e+01,5.009461000089517668e+00,5.811231363023206598e+01,8.127973294742339760e+00,4.278429651097071407e+00
3.710890340075135896e+01,6.048252620486733733e+00,4.260755385845055798e+01,1.000000000000000000e+00,1.834194729558478398e+00
3.666944270426375851e+01,7.318969415943710644e+00,5.415398191240654313e+01,8.467103147763896942e+00,3.669874856077348646e+00
3.816265031124437712e+01,2.000000000000000000e+00,5.302015236828554379e+01,6.384447503482871156e+00,2.806266575306853639e+00
2.999424112978528711e+01,1.000000000000000000e+01,5.324670805058484291e+01,1.000000000000000000e+01,4.166657524709445504e+00
4.998218079735582364e+01,6.163442422725323055e+00,6.000000000000000000e+01,4.961579129925138609e+00,3.033022999762400307e+00
2.508840706789343145e+01,7.847851531561261140e+00,1.796505771185750788e+01,8.065001675601374487e+00,3.391971189776459283e+00
3.751148778059371836e+01,1.000000000000000000e+01,5.306736373252580563e+01,1.000000000000000000e+00,2.359227279359723983e+00
2.061474246958944434e+01,1.000000000000000000e+01,5.876907229810971245e+01,1.000000000000000000e+01,4.244400379233321807e+00
1.486585030565135845e+01,1.000000000000000000e+01,6.000000000000000000e+01,6.747309241565523585e+00,2.950254629796441375e+00
1.758007530677025798e+01,3.041193254038511373e+00,6.000000000000000000e+01,6.469454977374955007e+00,2.417362545349775349e+00
2.353494417226000124e+01,4.869824287922341455e+00,2.877385689439281791e+01,6.180498546536600912e+00,3.870026747798578359e+00
6.000000000000000000e+01,3.765077924822898936e+00,4.744123570123590383e+01,1.000000000000000000e+01,3.305617559512179060e+00
3.217422937500580105e+01,1.000000000000000000e+01,3.634044436496733255e+01,7.186455140428297028e+00,3.006447910322486372e+00
1.470317778507886786e+01,5.877355455913285454e+00,5.411367092828293579e+01,1.000000000000000000e+01,3.880257717540057438e+00
3.681793793784814994e+01,2.000000000000000000e+00,3.716899407051459292e+01,8.109957438286865994e+00,2.202038958396753898e+00
2.800837629785249305e+01,2.000000000000000000e+00,2.400163131339000344e+01,7.958820656460629195e+00,3.224600513108369704e+00
3.149702392880324453e+01,5.611425938957129489e+00,2.398618553837478728e+01,1.000000000000000000e+00,2.270547371897527977e+00
4.361519759739056923e+01,2.000000000000000000e+00,5.069126080362207887e+01,1.000000000000000000e+01,4.186133923463971840e+00
5.549364406990745380e+01,7.803867906815288080e+00,3.842596682742005498e+01,3.539312603453439010e+00,4.446329989192713050e+00
5.776012735420625432e+01,1.000000000000000000e+01,2.363258975479812563e+01,3.081779310114253434e+00,2.532753924891642860e+00
5.375072002242183089e+01,1.000000000000000000e+01,4.553250660582966702e+01,5.114883428729187997e+00,4.271344175129845766e+00
5.721335686636516016e+01,1.000000000000000000e+01,4.868765389060642690e+01,8.220444831550468123e+00,3.750844633697488106e+00
3.743958878117492617e+01,2.000000000000000000e+00,2.133906079440449588e+01,7.291668233296979551e+00,2.520060542085333477e+00
5.478627235837333131e+01,1.000000000000000000e+01,1.908303088267151182e+01,8.764627814710001630e+00,5.030138994681416342e+00
3.284113280434655735e+01,1.000000000000000000e+01,5.132459809294763886e+01,5.187160791816902261e+00,3.112176492580309262e+00
6.000000000000000000e+01,8.253495184417534603e+00,1.719178491627348748e+01,1.000000000000000000e+01,5.876938015038325247e+00
6.000000000000000000e+01,8.176829189176734403e+00,1.623178814994685482e+01,1.000000000000000000e+01,5.411289637513635675e+00
5.938071918603683486e+01,8.514267039003138748e+00,1.734750742438790283e+01,1.000000000000000000e+01,5.934673071330932359e+00
5.945195167480375176e+01,7.790504014152411116e+00,1.746329274662442188e+01,1.000000000000000000e+01,5.346887502656766600e+00
5.864528289258559823e+01,9.493968042824267428e+00,1.703733927235409595e+01,8.897262762149503956e+00,5.284390834313356322e+00
5.068616673795178684e+01,8.324447549205300945e+00,5.640884139991233326e+01,1.000000000000000000e+01,4.531198425470238433e+00
5.919966728802619826e+01,9.204399212516994666e+00,1.682246278677527940e+01,1.000000000000000000e+01,5.934673071330932359e+00
4.098864544905123353e+01,1.000000000000000000e+01,6.000000000000000000e+01,6.861740673085985343e+00,4.255021666083665721e+00
3.995383171867860739e+01,4.624023020744450818e+00,5.769379373648150278e+01,1.000000000000000000e+00,3.409859590356876247e+00
4.936260380240552337e+01,1.000000000000000000e+01,3.355792920530355872e+01,6.974403049183607983e+00,2.883041688539329073e+00
5.676228270268299525e+01,7.051574929631646782e+00,5.772154973939878175e+01,1.000000000000000000e+01,3.114233208469242342e+00
4.916146430251057353e+01,1.000000000000000000e+01,5.422681678643578351e+01,1.000000000000000000e+01,3.773384158633991348e+00
6.000000000000000000e+01,2.000000000000000000e+00,1.469948241107250020e+01,8.646868061585372800e+00,3.399925177428465783e+00
5.991037895845145300e+01,8.946093197987437406e+00,1.722894114938254972e+01,1.000000000000000000e+01,5.941509934465445397e+00
4.835779343367749306e+01,6.085750973754231019e+00,6.000000000000000000e+01,1.000000000000000000e+01,4.179394693945083006e+00
2.510821694258408954e+01,3.840460797647724966e+00,5.832258147847889518e+01,8.637152823432158399e+00,4.078311829887693030e+00
3.510129252675465494e+01,7.032479224248678662e+00,2.068371389474933153e+01,7.668738153180711059e+00,3.656825998547664103e+00
2.145214129330707209e+01,5.158442777612582297e+00,4.485988154041206144e+01,5.531668270050391634e+00,2.326235389514307528e+00
5.068120468664916700e+01,4.516158367667327589e+00,5.703950340636259142e+01,1.000000000000000000e+01,4.027165756485405979e+00
5.750828670597795167e+01,1.000000000000000000e+01,3.737633915002233920e+01,1.000000000000000000e+01,3.921730408012346736e+00
4.793555907446842923e+01,2.000000000000000000e+00,5.780729619940168362e+01,8.574909517004657644e+00,4.483799207634429962e+00
4.794483216718224838e+01,8.522485610006555135e+00,5.729806958960632812e+01,1.000000000000000000e+01,4.517815179988172503e+00
6.000000000000000000e+01,1.000000000000000000e+01,4.296607335534748273e+01,8.404399307564379029e+00,5.449166683754118168e+00
5.954661461611482309e+01,9.729290723115216366e+00,4.537091442501317573e+01,7.382334996898618051e+00,4.563096922890049534e+00
5.994993982465239668e+01,9.041531084389163198e+00,4.419722489362953155e+01,9.492381927901794469e+00,4.756442245205987795e+00
5.647530425681408417e+01,2.000000000000000000e+00,4.381547118582402334e+01,7.351601726239599621e+00,2.552214847215747540e+00
6.000000000000000000e+01,1.000000000000000000e+01,4.246764904025480547e+01,5.863378419174472889e+00,4.328488439582904412e+00
5.882362860601293875e+01,1.000000000000000000e+01,4.147851364501710236e+01,9.026484203481317081e+00,5.185564585515696656e+00
2.911420789064640147e+01,3.953873030803211286e+00,6.000000000000000000e+01,1.000000000000000000e+01,3.841155859433057262e+00
2.801883473254548562e+01,2.969417643118614780e+00,6.000000000000000000e+01,2.993183448689263226e+00,3.860878930625958105e+00
2.759201026474451268e+01,7.097330196220471343e+00,6.000000000000000000e+01,2.003697199617298086e+00,3.067624620660697410e+00
3.222893256582905508e+01,3.387560572621419741e+00,6.000000000000000000e+01,1.000000000000000000e+00,4.134872055223814513e+00
3.114039762224993524e+01,2.000000000000000000e+00,5.629317137611825217e+01,1.000000000000000000e+00,2.399614342559370783e+00
6.000000000000000000e+01,1.000000000000000000e+01,4.220481908661710690e+01,1.000000000000000000e+01,4.756442245205987795e+00
2.313214108118947010e+01,6.311566486177452973e+00,4.084991542314111257e+01,1.000000000000000000e+01,2.683062287904840915e+00
6.000000000000000000e+01,1.000000000000000000e+01,3.691328380860803549e+01,1.000000000000000000e+00,3.798143166580369545e+00
5.770913958349750317e+01,5.350327705712484061e+00,3.454713743757056221e+01,1.000000000000000000e+00,2.302429314815996442e+00
6.000000000000000000e+01,2.000000000000000000e+00,2.746106013687912295e+01,1.000000000000000000e+00,2.856432043214789829e+00
6.000000000000000000e+01,5.335051298970061140e+00,4.378953024197581101e+01,1.000000000000000000e+00,2.995828198331375702e+00
5.569639884306961619e+01,1.000000000000000000e+01,3.781011771983290970e+01,3.723943532587219885e+00,4.455399480131626788e+00
2.953832563459666716e+01,2.000000000000000000e+00,4.192580982612970786e+01,5.155151179243663506e+00,2.826530744455384436e+00
3.963716077363915247e+01,6.610520887757656894e+00,1.798589113645945048e+01,8.276206575497447204e+00,3.012207397409942367e+00
1.386801375102299083e+01,5.264230444812006304e+00,5.750050081604945973e+01,1.000000000000000000e+01,4.243368484187147516e+00
4.231043859716894673e+01,7.616795331799306901e+00,5.490560694470990200e+01,7.332895682110776470e+00,3.820008616599768203e+00
6.000000000000000000e+01,1.000000000000000000e+01,4.087531742342273589e+01,8.189945916808868631e+00,5.058782405082576261e+00
5.278485573691396127e+01,2.000000000000000000e+00,6.000000000000000000e+01,6.302976590006685420e+00,2.040631058081353366e+00
5.905320480044525766e+01,9.152796135346903839e+00,1.743100532243165901e+01,1.000000000000000000e+01,5.934673071330932359e+00
2.500547339350565323e+01,2.000000000000000000e+00,3.674335676360514213e+01,6.422387438253065461e+00,2.014271675988572596e+00
4.458961383502703768e+01,5.583381886673683070e+00,4.534243991289145725e+01,3.667231398933398001e+00,3.065526502077493110e+00
4.761963552276851885e+01,2.551244452317485312e+00,5.454502373881139476e+01,1.000000000000000000e+01,3.847405213970194637e+00
4.770318734146779605e+01,2.000000000000000000e+00,4.847019801656240645e+01,7.086025369211816027e+00,3.444115970258989634e+00
5.205109306652290968e+01,7.481734954067095877e+00,1.765292569417382751e+01,1.000000000000000000e+01,3.755280051598056446e+00
5.017132189224816585e+01,4.523067215660580231e+00,4.915605745903037871e+01,1.000000000000000000e+01,3.594203038477153278e+00
5.508828509594704315e+01,1.000000000000000000e+01,5.181012922550830524e+01,4.566333592262654228e+00,3.089965323380971185e+00
3.455312813867605115e+01,4.567591039822715082e+00,2.482631669005919406e+01,6.154518214878295090e+00,3.433698157956561303e+00
3.706509485815321625e+01,8.160005784306724408e+00,4.942092537949820041e+01,1.000000000000000000e+01,3.044401160959866459e+00
2.282407867093523990e+01,2.000000000000000000e+00,5.371739832568406570e+01,1.000000000000000000e+01,4.160892761037828791e+00
5.371631768239353022e+01,6.629529819321095196e+00,2.820717064084701775e+01,4.918239208187842770e+00,2.674446142663932768e+00
3.539599047314618474e+01,5.415129103515189612e+00,6.000000000000000000e+01,1.000000000000000000e+00,3.449880187194321213e+00
2.584364475210898604e+01,5.205840901268824261e+00,2.754104846343467727e+01,1.000000000000000000e+00,3.339305391679824986e+00
6.000000000000000000e+01,1.000000000000000000e+01,5.224669807071173011e+01,1.000000000000000000e+01,4.208427369773323434e+00
4.123108375007355875e+01,6.969804688408959059e+00,4.886659052344023024e+01,1.310078729005827336e+00,2.717440191585851483e+00
5.324998647008814601e+01,6.680328255983875252e+00,6.000000000000000000e+01,1.000000000000000000e+00,2.739899373416063710e+00
2.694099357283170093e+01,5.519111374592857722e+00,2.338503648527452583e+01,5.864340078636907982e+00,3.285453659713305719e+00
2.180365938520138158e+01,5.010510403947883162e+00,1.657879572165096960e+01,1.000000000000000000e+01,2.194654701517116724e+00
5.862004149612911164e+01,8.965395186020449714e+00,1.687508019058198272e+01,1.000000000000000000e+01,5.934673071330932359e+00
1.711757386306158679e+01,4.631705866869332944e+00,3.349031446832961478e+01,1.000000000000000000e+01,1.163314389592530640e+00
4.556593147309357761e+01,7.213037961360472039e+00,5.369483077832502005e+01,1.000000000000000000e+01,4.039309254830371287e+00
6.000000000000000000e+01,2.000000000000000000e+00,3.308267998709705182e+01,5.443992664724166985e+00,3.379168668849479751e+00
2.349731802845043305e+01,8.889728511086083529e+00,5.505367485939625993e+01,1.000000000000000000e+01,5.067073546031951814e+00
3.818364911463223166e+01,1.000000000000000000e+01,6.000000000000000000e+01,1.000000000000000000e+01,4.772742425413624368e+00
2.517123936058527889e+01,9.182932541979075936e+00,3.290107507992033220e+01,5.753440535112514631e+00,4.679779442372552722e+00
2.414389614147782126e+01,8.995879557568326135e+00,3.109711554007236245e+01,2.929227527687868093e+00,2.309750195984896060e+00
2.365929625251374091e+01,1.000000000000000000e+01,3.400802686238497330e+01,8.552603085636246050e+00,2.832936860435553150e+00
2.840011887874095109e+01,1.000000000000000000e+01,3.277580105950861622e+01,5.523540972455965203e+00,4.023461830974333964e+00
2.679606169852735320e+01,7.302470144686652453e+00,3.182552848133990153e+01,7.034400019480487209e+00,2.955127326130256193e+00
2.632608183883181852e+01,1.000000000000000000e+01,3.541433885752154964e+01,5.222183160799525048e+00,2.975847962511253275e+00
2.290073064674203351e+01,6.898784012984141789e+00,3.367956296948008799e+01,5.648869663837446708e+00,3.442138681624293817e+00
2.369616935098297361e+01,2.000000000000000000e+00,2.939965707996219280e+01,2.333649593309007120e+00,2.032966677093708707e+00
3.137747977349211581e+01,1.000000000000000000e+01,3.373471638406110173e+01,1.981852312791635873e+00,2.633084605217277385e+00
4.328737163471663507e+01,6.905796815136048039e+00,4.618245220534556239e+01,7.779197666458022020e+00,2.941910979093995682e+00
4.084273557770352880e+01,6.014644459713657021e+00,6.000000000000000000e+01,3.844649440672259555e+00,4.042062359247737824e+00
5.882062276334506379e+01,8.338347328040816464e+00,3.841632757198054549e+01,3.512528585124973901e+00,4.578313494249631077e+00
3.062804547155791823e+01,5.142142909538545581e+00,6.000000000000000000e+01,3.787825118367340149e+00,3.829809629722583875e+00
3.543379906268126689e+01,4.541070135387843543e+00,5.551581015270595998e+01,1.000000000000000000e+01,5.036079141391893721e+00
4.965805509076699309e+01,1.000000000000000000e+01,1.936677706078414118e+01,1.000000000000000000e+01,4.295415419637325094e+00
6.000000000000000000e+01,8.610111557375645930e+00,5.452790570885464660e+01,7.082959350170422219e+00,3.810323278080856468e+00
3.019225724909380659e+01,5.154297923393406755e+00,4.142276025225429237e+01,1.000000000000000000e+00,2.075630760315016587e+00
5.924956092931326879e+01,8.844074835771932541e+00,1.704501907634339020e+01,1.000000000000000000e+01,5.934673071330932359e+00
3.976212584888067880e+01,2.000000000000000000e+00,6.000000000000000000e+01,4.347914932704227908e+00,3.945789738507953892e+00
6.000000000000000000e+01,4.971357718527379177e+00,5.790145202786800382e+01,7.604552743080465582e+00,3.142566648358663173e+00
3.646118569592741920e+01,7.085626069748020228e+00,3.700609784710317030e+01,6.485349539812399478e+00,2.502201063984708984e+00
5.679276445744140744e+01,1.000000000000000000e+01,3.092286508602917650e+01,1.000000000000000000e+01,3.517000742387448753e+00
6.000000000000000000e+01,1.000000000000000000e+01,2.215757962686220139e+01,8.953832924750221522e+00,4.780604792782186863e+00
2.940543844094730375e+01,4.113434576551413535e+00,4.599265560207745551e+01,8.320575057615991810e+00,2.878400922898180614e+00
5.793926063609522714e+01,1.000000000000000000e+01,1.659512915319040260e+01,1.000000000000000000e+01,5.212541997715346653e+00
1.514654860574417583e+01,1.000000000000000000e+01,5.684754250985098167e+01,1.000000000000000000e+01,4.468104009500278195e+00
1.857562947438140455e+01,1.000000000000000000e+01,5.510898459682331207e+01,1.000000000000000000e+01,4.439432875070640883e+00
4.542520735970532542e+01,7.502385184974621701e+00,2.058526176113886308e+01,6.881173833067695256e+00,3.553925781119971816e+00
5.100618599827626554e+01,7.512964949658112346e+00,5.195579203341866048e+01,7.721494263806175873e+00,3.038997624189972768e+00
1.580796136589802359e+01,2.256333297210026068e+00,5.698370275590999512e+01,1.000000000000000000e+01,3.218194898815978977e+00
5.138171865893269796e+01,7.931618300803070731e+00,4.466730189845954158e+01,7.520020345956161201e+00,3.484524832298809827e+00
1.397145531388121853e+01,4.934243592774535614e+00,5.254371755692479695e+01,5.922635083893720065e+00,2.094688836158797418e+00
3.048243417494952823e+01,6.293136251692906136e+00,1.759754442369899863e+01,6.523193061847941010e+00,2.846433833200677999e+00
2.260118810005700141e+01,4.357129065060264317e+00,5.525372578511225896e+01,1.000000000000000000e+01,3.916696962400617821e+00
2.380079664492066982e+01,8.182405252094079984e+00,5.854144001518754692e+01,1.000000000000000000e+01,4.937414198869205073e+00
4.112379029324471702e+01,4.270407848685938923e+00,6.000000000000000000e+01,8.208061598272040627e+00,3.717069809899021138e+00
2.293384061267527585e+01,2.000000000000000000e+00,6.000000000000000000e+01,1.000000000000000000e+01,4.033456675423916948e+00
5.724602977217092104e+01,5.893818799144851184e+00,5.369191750222547199e+01,1.000000000000000000e+00,1.514618548299318634e+00
4.573282658148338697e+01,7.385419283267833812e+00,3.950942789180786008e+01,5.950758116531435604e+00,2.399510259975210502e+00
3.990688106182288664e+01,1.000000000000000000e+01,5.040996575281160119e+01,5.780064022011115910e+00,3.161957864331325752e+00
4.796895905625432732e+01,4.122652468492453259e+00,4.846060606390427239e+01,1.000000000000000000e+00,2.739084479491094903e+00
5.269099598478447888e+01,1.000000000000000000e+01,5.776285597925273407e+01,8.336081818753365624e+00,2.842639011464592969e+00
5.775312022859827010e+01,5.754504619503653551e+00,5.254574554369074946e+01,1.000000000000000000e+01,2.580793079788552546e+00
5.341599335815427452e+01,1.000000000000000000e+01,4.634508223368708713e+01,7.503544615900595183e+00,4.359586062065848644e+00
6.000000000000000000e+01,1.000000000000000000e+01,2.792826546561621015e+01,7.429594200699672690e+00,3.881092613255885837e+00
5.851666805667458249e+01,8.506454329194719222e+00,4.300316769178204623e+01,8.198302314353783871e+00,5.353627666190514667e+00
5.834465822789944411e+01,1.000000000000000000e+01,4.349700314641581400e+01,8.305739103442475013e+00,4.774801328494016062e+00
6.000000000000000000e+01,6.429809034957908231e+00,4.274047718561325127e+01,8.086439855800776400e+00,4.496922341340719775e+00
5.832407666761617548e+01,6.477450050928045933e+00,3.435505628535894829e+01,1.000000000000000000e+01,2.301378712666805271e+00
2.927067320144258744e+01,6.818129533708447099e+00,5.469052669096666364e+01,1.000000000000000000e+01,3.627292742872962883e+00
3.313523788732007347e+01,1.000000000000000000e+01,2.139755676418524999e+01,7.953125279712262241e+00,3.365169749334063098e+00
2.254472957823123025e+01,1.000000000000000000e+01,2.158704941874995598e+01,5.749170741603616186e+00,4.025141950903154076e+00
2.262055110974834449e+01,8.699616133444925126e+00,2.362865272734771338e+01,2.586946554804716580e+00,2.343150844516459053e+00
2.130138035251925643e+01,9.217654747630113832e+00,2.206272620851408206e+01,9.246202688237584510e+00,3.405521751010912368e+00
2.091208548800129918e+01,1.000000000000000000e+01,1.793892617898595532e+01,5.212975644666185460e+00,1.766387000890113912e+00
3.949253305952388615e+01,3.219254392221695849e+00,5.035231574319898584e+01,1.000000000000000000e+01,3.447761854178768459e+00
4.045776153105823880e+01,1.000000000000000000e+01,5.366256754629830539e+01,1.000000000000000000e+01,4.159554431171505584e+00
3.267510279627314418e+01,2.000000000000000000e+00,4.192004558969608752e+01,1.000000000000000000e+01,2.189160402394401572e+00
6.000000000000000000e+01,8.578993679808824879e+00,3.382563550966873578e+01,4.008804253765969605e+00,4.734237809720905688e+00
4.731434444439550902e+01,1.000000000000000000e+01,1.876082065485542216e+01,7.843133465473632882e+00,3.680113496473772283e+00
2.494344691613042642e+01,1.000000000000000000e+01,5.096405210459343493e+01,1.000000000000000000e+01,3.965320214289024925e+00
2.004700261868880773e+01,1.000000000000000000e+01,4.934973169949656580e+01,1.000000000000000000e+01,4.335854408564307150e+00
6.000000000000000000e+01,6.519150140752423717e+00,2.596028539082202258e+01,1.000000000000000000e+01,3.681333746422036590e+00
4.677797143044570305e+01,3.709921775074495276e+00,2.369905064833880104e+01,7.646423265477854336e+00,2.657489417562320710e+00
3.288333141236729773e+01,5.459029049183994786e+00,4.925202255337416801e+01,5.379827502622336333e+00,2.623412409544629398e+00
6.000000000000000000e+01,8.583269650622634472e+00,1.779242171064186095e+01,1.000000000000000000e+01,5.329986283166488370e+00
5.898372791660030146e+01,8.437314182364309190e+00,2.004455093761474771e+01,1.000000000000000000e+01,4.641938867402059188e+00
5.720843646132716032e+01,5.987439184564182781e+00,4.264985456124210117e+01,5.344860047089539101e+00,2.597390240647471593e+00
5.697493811561039934e+01,1.000000000000000000e+01,3.304320153834065366e+01,6.953602416644229400e+00,3.861696417207528320e+00
6.000000000000000000e+01,6.078550948845650836e+00,2.080975701681821377e+01,7.481938212885331119e+00,4.078801055335990355e+00
4.424864115446459323e+01,1.000000000000000000e+01,5.801554739795225402e+01,6.793468399725236750e+00,3.442961940358721495e+00
6.000000000000000000e+01,4.206436644143324521e+00,1.749054610027979706e+01,8.402091781265569992e+00,4.099396633768613185e+00
3.406500286104264319e+01,7.767912765389450414e+00,6.000000000000000000e+01,7.783543289283801236e+00,3.434070086206576278e+00
5.226265193472770676e+01,1.000000000000000000e+01,1.499321418328906930e+01,8.822151929994664243e+00,3.250305550526872533e+00
4.941708155455532392e+01,7.190190666784728180e+00,5.789987214239182833e+01,1.388783546902613075e+00,3.060155827224861014e+00
4.751449987794528340e+01,4.667115065200201585e+00,5.102481548800232503e+01,7.712537368627753409e+00,3.341579250324539618e+00
2.033645411896092980e+01,7.221193480466633119e+00,4.770257326015638455e+01,9.001165587046537908e+00,2.889496371730594149e+00
6.000000000000000000e+01,5.700260469844228517e+00,3.831576554816314939e+01,7.985307037243053685e+00,3.469117071223549509e+00
